{
    "name": "target",
    "sender": {
        "target": {
            "wrist_p": [
                0,
                511.91,
                476.9,
                0,
                0,
                0
            ],
            "thumb_p": [
                -50.0,
                120.0,
                25.0,
                170,
                25,
                -75
            ],
            "index_p": [
                1.840503,
                223.3336,
                23.694411,
                0,
                0,
                0
            ],
            "wrist_a": [
                0,
                0,
                0,
                0,
                0,
                0,
                0,
                0,
                0
            ],
            "index_a": [
                0,
                -0.4,
                -0.9,
                -0.4
            ],
            "thumb_a": [
                -0.79,
                -0.35,
                0.27,
                1.2,
                0.8
            ]
        }
    },
    "listener": []
}