{
    "name": "target",
    "sender": {
        "target": {
            "wrist": [
                0,
                511.91,
                476.9,
                0,
                0,
                0
            ],
            "thumb": [
                -50.0,
                120.0,
                25.0,
                170,
                25,
                -75
            ],
            "index": [
                1.840503,
                223.3336,
                23.694411,
                0,
                0,
                0
            ],
            "angles": [
                0,
                0,
                0,
                0,
                0,
                0
            ]
        }
    },
    "listener": []
}