{
    "name": "target",
    "sender": {
        "target": {
            "wrist_p": [
                0,
                511.91,
                476.9,
                0,
                0,
                0
            ],
            "thumb_p": [
                -50.0,
                120.0,
                25.0,
                170,
                25,
                -75
            ],
            "index_p": [
                1.840503,
                223.3336,
                23.694411,
                0,
                0,
                0
            ],
            "wrist_a": [
                0,
                0,
                0,
                0,
                0,
                0
            ],
            "index_a": [
                0.0,
                0.7853981633974483,
                0.0,
                0.0,
                0.17453292519943295,
                -1.5707963267948966,
                -0.5235987755982988
            ],
            "thumb_a": [
                -0.7853981633974483,
                -0.3490658503988659,
                -0.5235987755982988,
                1.2217304763960306,
                0.7853981633974483
            ]
        }
    },
    "listener": []
}